{"endtime": 1550897148.8315368, "roll": 134.35842701250502, "starttime": 1550897148.7645388, "xAccel": 0.0031965580222199533, "zAccel": 0.0034348130592756357, "ext_pressure": 1011.240478515625, "ext_temperature": 20.89590835571289, "yaw": 331.43280892850254, "yAccel": 0.008087646355999284, "pitch": 354.9104619149634}